event_id,ticker,company_name,fiscal_period,source_url,capture_mode,capture_timestamp,audio_path,duration_sec,sample_rate,channels,bit_depth,file_size,sha256,capture_status,validation_status,failure_reason
1,AAPL,Apple Inc.,Q3 FY2026,https://investor.apple.com/events,direct_media_url,2026-09-13T18:58:17Z,C:\Users\chait\Desktop\DPA_Project1\data\audio\AAPL_Q3_FY2026.wav,119.17,16000,1,16,3813468,1feb4a701c0ca785f4499ac6a34af1366b8d19780ea88a69be7308d80b88d84c,SUCCESS,VALID_16KHZ_MONO_16BIT,
2,MSFT,Microsoft Corporation,Q3 FY2026,https://www.microsoft.com/investor/en-us/Investor/earnings/FY-2026-Q4/press-release-webcast,direct_media_url,2026-09-13T18:58:19Z,C:\Users\chait\Desktop\DPA_Project1\data\audio\MSFT_Q3_FY2026.wav,100.29,16000,1,16,3209252,458ec0f4cfbeb059dd5dc85f1175132f79f327de34417e0619ce64e0fa8650f1,SUCCESS,VALID_16KHZ_MONO_16BIT,
7,GOOGL,Alphabet Inc.,Q3 FY2026,https://abc.xyz/investor/events,direct_media_url,2026-09-13T18:58:20Z,C:\Users\chait\Desktop\DPA_Project1\data\audio\GOOGL_Q3_FY2026.wav,88.36,16000,1,16,2827720,0674116a4d91be8f3684ee2d6ecd84b04b5961d218921283c33531a3b954bbf6,SUCCESS,VALID_16KHZ_MONO_16BIT,
8,TSLA,Tesla Inc.,Q3 FY2026,https://ir.tesla.com/events,direct_media_url,2026-09-13T18:58:20Z,C:\Users\chait\Desktop\DPA_Project1\data\audio\TSLA_Q3_FY2026.wav,89.48,16000,1,16,2863560,90b43de85746fdf45700448491320b2f99cd03f41f180b0aed67a5e012adf4c4,SUCCESS,VALID_16KHZ_MONO_16BIT,
3,JPM,JPMorgan Chase & Co.,Q3 FY2026,https://www.jpmorganchase.com/ir#webcast,direct_media_url,2026-09-13T18:58:21Z,C:\Users\chait\Desktop\DPA_Project1\data\audio\JPM_Q3_FY2026.wav,87.76,16000,1,16,2808324,aa34277f329dc21526c33270901b3dba2107dc8c41f0383c58c2c344f9a93799,SUCCESS,VALID_16KHZ_MONO_16BIT,
5,XOM,Exxon Mobil Corporation,Q3 FY2026,https://event.webcasts.com/starthere.jsp?ei=1770134&tp_key=90907396e5,direct_media_url,2026-09-13T18:58:21Z,C:\Users\chait\Desktop\DPA_Project1\data\audio\XOM_Q3_FY2026.wav,85.9,16000,1,16,2748810,0569e934277b4f85e301c7f1b57b56345ad219d8b86f8a350d1473afaf9b1454,SUCCESS,VALID_16KHZ_MONO_16BIT,
11,LMB,Limbach Holdings Inc.,Q3 FY2026,https://investors.limbachinc.com/events,direct_media_url,2026-09-13T18:58:22Z,C:\Users\chait\Desktop\DPA_Project1\data\audio\LMB_Q3_FY2026.wav,78.82,16000,1,16,2522164,80c0ea925b2a893c12af764b560317f9f9492ec31993c00ecba2a13eb00eecbc,SUCCESS,VALID_16KHZ_MONO_16BIT,
12,APT,Alpha Pro Tech Ltd.,Q4 FY2024,https://alphaprotech.investorroom.com/events,direct_media_url,2026-09-13T18:58:22Z,C:\Users\chait\Desktop\DPA_Project1\data\audio\APT_Q4_FY2024.wav,73.48,16000,1,16,2351476,8d67c6abc4f06f892d3a40eaf79b2780ffecdf383a74ff7caa23c97c79ae3461,SUCCESS,VALID_16KHZ_MONO_16BIT,
13,DMRC,Digimarc Corporation,Q2 FY2026,https://investors.digimarc.com/events,direct_media_url,2026-09-13T18:58:23Z,C:\Users\chait\Desktop\DPA_Project1\data\audio\DMRC_Q2_FY2026.wav,77.41,16000,1,16,2477192,a4a90215c432a1982d47007cf2580e3f2952b344fa475a045805489b91621d9c,SUCCESS,VALID_16KHZ_MONO_16BIT,
19,SHOP,Shopify Inc.,Q3 FY2024,https://investors.shopify.com/events,direct_media_url,2026-09-13T18:58:23Z,C:\Users\chait\Desktop\DPA_Project1\data\audio\SHOP_Q3_FY2024.wav,85.24,16000,1,16,2727912,cb9773857dc971b64e9a77dbbf5a43add842a65b7875a7b8b0f598744b73fafe,SUCCESS,VALID_16KHZ_MONO_16BIT,
16,RY,Royal Bank of Canada,Q3 FY2024,https://www.rbc.com/investor-relations#webcast,direct_media_url,2026-09-13T18:58:24Z,C:\Users\chait\Desktop\DPA_Project1\data\audio\RY_Q3_FY2024.wav,84.44,16000,1,16,2702294,80b06a5e294a739571de8325a556dd4cf4289f003ede7673829ceba495bf1480,SUCCESS,VALID_16KHZ_MONO_16BIT,
18,CNR,Canadian National Railway Company,Q3 FY2024,https://event.webcasts.com/starthere.jsp?ei=1774946&tp_key=06654de884&tp_special=8,direct_media_url,2026-09-13T18:58:24Z,C:\Users\chait\Desktop\DPA_Project1\data\audio\CNR_Q3_FY2024.wav,83.76,16000,1,16,2680388,0ca82e3deb751f27eb6bf926a3482a75c9c7849bf69ebb8a50b4b1060bcbb662,SUCCESS,VALID_16KHZ_MONO_16BIT,
17,ENB,Enbridge Inc.,Q3 FY2024,https://www.enbridge.com/investment-center#webcast,direct_media_url,2026-09-13T18:58:25Z,C:\Users\chait\Desktop\DPA_Project1\data\audio\ENB_Q3_FY2024.wav,84.6,16000,1,16,2707278,efbadbf27179c0b9608cdb509e761102785a584001f3fddf75b9576071e09e92,SUCCESS,VALID_16KHZ_MONO_16BIT,
23,ATD,Alimentation Couche-Tard Inc.,Q3 FY2024,https://corpo.couche-tard.com/en/investors/events,direct_media_url,2026-09-13T18:58:25Z,C:\Users\chait\Desktop\DPA_Project1\data\audio\ATD_Q3_FY2024.wav,90.58,16000,1,16,2898732,7bcd9c34c46fe3ce937c5c39e0971fa9fb87494236f9223785e0632ac2c0827a,SUCCESS,VALID_16KHZ_MONO_16BIT,
24,MRU,Metro Inc.,Q3 FY2024,https://corpo.metro.ca/en/investor-relations/events,direct_media_url,2026-09-13T18:58:26Z,C:\Users\chait\Desktop\DPA_Project1\data\audio\MRU_Q3_FY2024.wav,85.69,16000,1,16,2742296,1b123f5d52e0f57e899c85191b2dadc263e1354f0563125b18fea9100a018dba,SUCCESS,VALID_16KHZ_MONO_16BIT,
