ticker,fiscal_period,transcript_url,publisher
MSFT,Q3 FY2025,https://aka.ms/transcriptfy25q3,Microsoft IR
MSFT,Q4 FY2026,https://aka.ms/transcriptfy26q4,Microsoft IR
MSFT,Q3 FY2026,https://aka.ms/transcriptfy26q3,Microsoft IR
MSFT,Q2 FY2026,https://view.officeapps.live.com/op/view.aspx?src=https://cdn-dynmedia-1.microsoft.com/is/content/microsoftcorp/TranscriptQandAFY26q2.docx,Microsoft IR
MSFT,Q1 FY2026,https://aka.ms/transcriptfy26q1,Microsoft IR
MSFT,Q4 FY2025,https://aka.ms/transcriptfy-25q4,Microsoft IR
MSFT,Q2 FY2025,https://aka.ms/transcriptfy-25q2,Microsoft IR
MSFT,Q1 FY2025,https://aka.ms/transcriptfy25q1,Microsoft IR
MSFT,Q4 FY2024,https://view.officeapps.live.com/op/view.aspx?src=https://cdn-dynmedia-1.microsoft.com/is/content/microsoftcorp/TranscriptFY24Q4,Microsoft IR
